Title,Title ID
PMP® Exam & Certification | Flat 40% Off - Enroll Now,1
PMP® Exam & Certification,2
PMP® Certification Course,3
PMP® Certification | Ace PMP Exam in 1st Attempt,4
PMP® Training & Exam | Special Offer: Get $400 Off,5
PMP® Exam & Certification - Special Offer: Get $400 Off,6
PMP® Certification | Special Offer: Get $400 Off,7
PMP® Certification Training | Flat 40% Off - Enroll Now,8
PMP® Exam & Certification | Confidently Ace The PMP Exam,9
PMP® Exam & Certification | Ace PMP Exam in 1st Attempt,10
PMP® Certification Course | Ace PMP Exam in 1st Attempt,11
PMI Certified PMP® Training | Ace PMP Exam in 1st Attempt,12
PMI Certified PMP® Training | Flat 40% Off - Enroll Now,13
PMP® Training & Exam - Ace PMP Exam in 1st Attempt,14
PMP® Certification | Flat 40% Off - Enroll Now,15
PMP® Training & Exam | Confidently Ace The PMP Exam,16
PMP® Certification | Confidently Ace The PMP Exam,17
PMP® Course | Confidently Ace The PMP Exam,18
PMP® Certification Training - Ace PMP Exam in 1st Attempt,19
PMP® Certification Course | Confidently Ace The PMP Exam,20
PMP® Certification Course | Flat 40% Off - Enroll Now,21
PMP® Training Course | Confidently Ace The PMP Exam,22
CSM Scrum Master Course Online | Today's Offer: Up To 51% Off,23
CSM Scrum Master Course Online | Limited-time Offer: $270 Only,24
AWS Certification Course,25
AWS Certified Cloud Practioner | Special Offer Get Flat 43% Off,26
AWS Certified Cloud Practioner | Today's offer- Flat $300 Off,27
AWS Solution Architect Course | Get AWS Associate Certificate,28
Become CAPM® Ready in 3 Weeks | Ace CAPM® Exam in 1st,29
Become a Certified ScrumMaster | Today's Offer: Up To 51% Off,30
Become Certified Scrum Master | Limited-time Offer: $270 Only,31
Become Certified Scrum Master | Today's Offer: Up To 51% Off,32
Scrum Alliance CSM® Training | Flash Sale: Enroll @ $270,33
CAPM® Certification Training | Ace CAPM® Exam in 1st Attempt,34
CAPM® Exam Prep in 3 Weeks | Ace CAPM® Exam in 1st Attempt,35
Certified Scrum Product Owner® | Limited Offer: Flat $279 Off,36
Cloud Architect Certificate - Become a Cloud Architect,37
Cloud Certification Course | Masters Certification in Cloud,38
CSPO® Certification | Limited Offer: Enroll @ $270,39
CSPO® Certification | Special Offer: Flat $279 Off,40
ITIL Certification Course | Clear ITIL Exam on 1st Attempt,41
ITIL Foundations Course | Clear ITIL Exam on 1st Attempt,42
ITIL Foundations Course | 100% Exam Pass Guarantee,43
ITIL Certification Course | 100% Exam Pass Guarantee,44
ITIL Certification Now - 4 Mock Tests | 30+ Quizzes,45
ITIL Certification Cost - 100% Exam Pass Guarantee,46
ITIL® 4 Certification Course | Accredited Course Curriculum,47
ITIL® 4 Certification Course | 100% Money Back Guarantee,48
Master ITIL 4 Foundation - Clear ITIL Exam on 1st Attempt,49
Master ITIL 4 Foundation - 100+ Premium Exam Questions,50
Master ITIL 4 Foundation | 100% Exam Pass Guarantee,51
Leading SAFe® 6 Certification | Special Offer: Get $250 Off,52
Online AWS CPE Course | Special Offer Get Flat 43% Off,53
No Cost & No Hidden Fees - AWS Certification Course,54
Product Owner (CSPO®) Course | Limited Offer: Flat $279 Off,55
Project Management Training,56
SAFe® Agile Training & Exam | Special Offer: Get $250 Off,57
SAFe® Agilist Certification | Special Offer: Get $250 Off,58
SAFe® Agilist Certification | Limited Offer: Enroll @ $545,59
Simplilearn PMP® Course | Special Offer: Get $400 Off,60
Simplilearn® Courses | Online Certification Courses,61
Simplilearn Post Graduate - Online Post Graduate Programs,62
Simplilearn Online Bootcamps | Online Certification Courses,63
Simplilearn Online Bootcamps | Level Up Your Skills | Launch Your Career,64
Simplilearn® Official Site | Online Courses,65
Simplilearn® Official Site,66
Simplilearn® Courses,67
Simplilearn® Official Site - Online Certification Courses,68
Simplilearn® Courses | Level Up Your Skills | Launch Your Career,69
Simplilearn ITIL 4 Training - Online Certification Courses,70
Simplilearn ITIL 4 Training - Level Up Your Skills,71
Simplilearn® ITIL Programs | Online Certification Courses,72
Simplilearn PMP® Course | Flat 40% Off - Enroll Now,73
Simplilearn Courses | Online Courses,74
Simplilearn® Training Programs | Get Certified. Get Ahead.,75
Simplilearn Online Bootcamps | Trusted by 3 Million+ Learners,76
Simplilearn ITIL V4 | Online Certification Courses,77
Simplilearn TOGAF - Online Certification Courses,78
TOGAF® Certification Exam Cost | TOGAF® Free Exam Retake,79
TOGAF® 10 Certification Course | Enroll in TOGAF® Course Now,80
TOGAF® Enterprise Architecture | Enroll in TOGAF® Course Now,81
TOGAF® 10 Certification Course | Master TOGAF® Core Concepts,82
TOGAF® Enterprise Architecture | Master TOGAF® Core Concepts,83
TOGAF® Architect Certification | TOGAF® Free Exam Retake,84
TOGAF® Architect Certification | Enroll in TOGAF® Course Now,85
